-- phpMyAdmin SQL Dump
-- version 5.2.1
-- https://www.phpmyadmin.net/
--
-- Servidor: 127.0.0.1
-- Tiempo de generación: 26-02-2026 a las 15:51:31
-- Versión del servidor: 10.4.32-MariaDB
-- Versión de PHP: 8.2.12

SET SQL_MODE = "NO_AUTO_VALUE_ON_ZERO";
START TRANSACTION;
SET time_zone = "+00:00";


/*!40101 SET @OLD_CHARACTER_SET_CLIENT=@@CHARACTER_SET_CLIENT */;
/*!40101 SET @OLD_CHARACTER_SET_RESULTS=@@CHARACTER_SET_RESULTS */;
/*!40101 SET @OLD_COLLATION_CONNECTION=@@COLLATION_CONNECTION */;
/*!40101 SET NAMES utf8mb4 */;

--
-- Base de datos: `plataforma`
--

-- --------------------------------------------------------

--
-- Estructura de tabla para la tabla `artistas`
--

CREATE TABLE `artistas` (
  `id_artista` int(11) NOT NULL,
  `nombre` varchar(200) NOT NULL
) ENGINE=InnoDB DEFAULT CHARSET=utf8mb4 COLLATE=utf8mb4_general_ci;

--
-- Volcado de datos para la tabla `artistas`
--

INSERT INTO `artistas` (`id_artista`, `nombre`) VALUES
(1, 'El fin de semana'),
(2, 'Ete sech'),
(3, 'El pepe');

-- --------------------------------------------------------

--
-- Estructura de tabla para la tabla `artista_canciones`
--

CREATE TABLE `artista_canciones` (
  `id_artista` int(11) NOT NULL,
  `id_cancion` int(11) NOT NULL
) ENGINE=InnoDB DEFAULT CHARSET=utf8mb4 COLLATE=utf8mb4_general_ci;

--
-- Volcado de datos para la tabla `artista_canciones`
--

INSERT INTO `artista_canciones` (`id_artista`, `id_cancion`) VALUES
(1, 3),
(2, 1),
(3, 2);

-- --------------------------------------------------------

--
-- Estructura de tabla para la tabla `canciones`
--

CREATE TABLE `canciones` (
  `id_cancion` int(11) NOT NULL,
  `nombre` varchar(200) NOT NULL,
  `duración` varchar(10) NOT NULL
) ENGINE=InnoDB DEFAULT CHARSET=utf8mb4 COLLATE=utf8mb4_general_ci;

--
-- Volcado de datos para la tabla `canciones`
--

INSERT INTO `canciones` (`id_cancion`, `nombre`, `duración`) VALUES
(1, 'Mañanitas cepillin', '3:02:00'),
(2, 'La chona', '3:20:00'),
(3, 'Payaso de rodeo', '4:03:00');

-- --------------------------------------------------------

--
-- Estructura de tabla para la tabla `cancion_genero`
--

CREATE TABLE `cancion_genero` (
  `id_cancion` int(11) NOT NULL,
  `id_genero` int(11) NOT NULL
) ENGINE=InnoDB DEFAULT CHARSET=utf8mb4 COLLATE=utf8mb4_general_ci;

--
-- Volcado de datos para la tabla `cancion_genero`
--

INSERT INTO `cancion_genero` (`id_cancion`, `id_genero`) VALUES
(1, 2),
(2, 1),
(3, 3);

-- --------------------------------------------------------

--
-- Estructura de tabla para la tabla `favoritos`
--

CREATE TABLE `favoritos` (
  `id_usuario` int(11) NOT NULL,
  `id_cancion` int(11) NOT NULL
) ENGINE=InnoDB DEFAULT CHARSET=utf8mb4 COLLATE=utf8mb4_general_ci;

--
-- Volcado de datos para la tabla `favoritos`
--

INSERT INTO `favoritos` (`id_usuario`, `id_cancion`) VALUES
(4, 2),
(5, 3),
(6, 1);

-- --------------------------------------------------------

--
-- Estructura de tabla para la tabla `generos`
--

CREATE TABLE `generos` (
  `id_genero` int(11) NOT NULL,
  `nombre` varchar(200) NOT NULL
) ENGINE=InnoDB DEFAULT CHARSET=utf8mb4 COLLATE=utf8mb4_general_ci;

--
-- Volcado de datos para la tabla `generos`
--

INSERT INTO `generos` (`id_genero`, `nombre`) VALUES
(1, 'Cumbia'),
(2, 'Infantil'),
(3, 'Emocionante');

-- --------------------------------------------------------

--
-- Estructura de tabla para la tabla `membresia`
--

CREATE TABLE `membresia` (
  `id_membresia` int(11) NOT NULL,
  `nombre` varchar(200) NOT NULL,
  `precio` int(15) NOT NULL
) ENGINE=InnoDB DEFAULT CHARSET=utf8mb4 COLLATE=utf8mb4_general_ci;

--
-- Volcado de datos para la tabla `membresia`
--

INSERT INTO `membresia` (`id_membresia`, `nombre`, `precio`) VALUES
(1, 'Estandar', 0),
(2, 'Premium', 100),
(3, 'Familiar', 180);

-- --------------------------------------------------------

--
-- Estructura de tabla para la tabla `playlists`
--

CREATE TABLE `playlists` (
  `id_playlist` int(11) NOT NULL,
  `id_usuario` int(11) NOT NULL,
  `nombre` varchar(200) NOT NULL,
  `n_canciones` varchar(12) NOT NULL,
  `duración` varchar(200) NOT NULL
) ENGINE=InnoDB DEFAULT CHARSET=utf8mb4 COLLATE=utf8mb4_general_ci;

--
-- Volcado de datos para la tabla `playlists`
--

INSERT INTO `playlists` (`id_playlist`, `id_usuario`, `nombre`, `n_canciones`, `duración`) VALUES
(4, 4, 'Emocion', '2', '6:00:00'),
(5, 5, 'Viaje', '2', '6:00:00'),
(6, 6, 'Cumpleaños', '3', '9:00:00');

-- --------------------------------------------------------

--
-- Estructura de tabla para la tabla `playlist_canciones`
--

CREATE TABLE `playlist_canciones` (
  `id_playlist` int(11) NOT NULL,
  `id_cancion` int(11) NOT NULL
) ENGINE=InnoDB DEFAULT CHARSET=utf8mb4 COLLATE=utf8mb4_general_ci;

--
-- Volcado de datos para la tabla `playlist_canciones`
--

INSERT INTO `playlist_canciones` (`id_playlist`, `id_cancion`) VALUES
(4, 2),
(5, 3),
(6, 1);

-- --------------------------------------------------------

--
-- Estructura de tabla para la tabla `usuarios`
--

CREATE TABLE `usuarios` (
  `id_usuario` int(11) NOT NULL,
  `id_membresia` int(11) NOT NULL,
  `nombre` varchar(200) NOT NULL
) ENGINE=InnoDB DEFAULT CHARSET=utf8mb4 COLLATE=utf8mb4_general_ci;

--
-- Volcado de datos para la tabla `usuarios`
--

INSERT INTO `usuarios` (`id_usuario`, `id_membresia`, `nombre`) VALUES
(4, 1, 'Juan'),
(5, 2, 'Pedro'),
(6, 3, 'Pedro 2');

--
-- Índices para tablas volcadas
--

--
-- Indices de la tabla `artistas`
--
ALTER TABLE `artistas`
  ADD PRIMARY KEY (`id_artista`);

--
-- Indices de la tabla `artista_canciones`
--
ALTER TABLE `artista_canciones`
  ADD KEY `id_artista` (`id_artista`),
  ADD KEY `id_cancion` (`id_cancion`);

--
-- Indices de la tabla `canciones`
--
ALTER TABLE `canciones`
  ADD PRIMARY KEY (`id_cancion`);

--
-- Indices de la tabla `cancion_genero`
--
ALTER TABLE `cancion_genero`
  ADD KEY `id_cancion` (`id_cancion`),
  ADD KEY `id_genero` (`id_genero`);

--
-- Indices de la tabla `favoritos`
--
ALTER TABLE `favoritos`
  ADD KEY `id_usuario` (`id_usuario`),
  ADD KEY `id_cancion` (`id_cancion`);

--
-- Indices de la tabla `generos`
--
ALTER TABLE `generos`
  ADD PRIMARY KEY (`id_genero`);

--
-- Indices de la tabla `membresia`
--
ALTER TABLE `membresia`
  ADD PRIMARY KEY (`id_membresia`);

--
-- Indices de la tabla `playlists`
--
ALTER TABLE `playlists`
  ADD PRIMARY KEY (`id_playlist`),
  ADD KEY `id_usuario` (`id_usuario`);

--
-- Indices de la tabla `playlist_canciones`
--
ALTER TABLE `playlist_canciones`
  ADD KEY `id_playlist` (`id_playlist`),
  ADD KEY `id_cancion` (`id_cancion`);

--
-- Indices de la tabla `usuarios`
--
ALTER TABLE `usuarios`
  ADD PRIMARY KEY (`id_usuario`),
  ADD KEY `id_membresia` (`id_membresia`);

--
-- AUTO_INCREMENT de las tablas volcadas
--

--
-- AUTO_INCREMENT de la tabla `artistas`
--
ALTER TABLE `artistas`
  MODIFY `id_artista` int(11) NOT NULL AUTO_INCREMENT, AUTO_INCREMENT=4;

--
-- AUTO_INCREMENT de la tabla `canciones`
--
ALTER TABLE `canciones`
  MODIFY `id_cancion` int(11) NOT NULL AUTO_INCREMENT, AUTO_INCREMENT=4;

--
-- AUTO_INCREMENT de la tabla `generos`
--
ALTER TABLE `generos`
  MODIFY `id_genero` int(11) NOT NULL AUTO_INCREMENT, AUTO_INCREMENT=4;

--
-- AUTO_INCREMENT de la tabla `membresia`
--
ALTER TABLE `membresia`
  MODIFY `id_membresia` int(11) NOT NULL AUTO_INCREMENT, AUTO_INCREMENT=4;

--
-- AUTO_INCREMENT de la tabla `playlists`
--
ALTER TABLE `playlists`
  MODIFY `id_playlist` int(11) NOT NULL AUTO_INCREMENT, AUTO_INCREMENT=7;

--
-- AUTO_INCREMENT de la tabla `usuarios`
--
ALTER TABLE `usuarios`
  MODIFY `id_usuario` int(11) NOT NULL AUTO_INCREMENT, AUTO_INCREMENT=7;

--
-- Restricciones para tablas volcadas
--

--
-- Filtros para la tabla `artista_canciones`
--
ALTER TABLE `artista_canciones`
  ADD CONSTRAINT `artista_canciones_ibfk_1` FOREIGN KEY (`id_artista`) REFERENCES `artistas` (`id_artista`),
  ADD CONSTRAINT `artista_canciones_ibfk_2` FOREIGN KEY (`id_cancion`) REFERENCES `canciones` (`id_cancion`);

--
-- Filtros para la tabla `cancion_genero`
--
ALTER TABLE `cancion_genero`
  ADD CONSTRAINT `cancion_genero_ibfk_1` FOREIGN KEY (`id_cancion`) REFERENCES `canciones` (`id_cancion`),
  ADD CONSTRAINT `cancion_genero_ibfk_2` FOREIGN KEY (`id_genero`) REFERENCES `generos` (`id_genero`);

--
-- Filtros para la tabla `favoritos`
--
ALTER TABLE `favoritos`
  ADD CONSTRAINT `favoritos_ibfk_1` FOREIGN KEY (`id_usuario`) REFERENCES `usuarios` (`id_usuario`),
  ADD CONSTRAINT `favoritos_ibfk_2` FOREIGN KEY (`id_cancion`) REFERENCES `canciones` (`id_cancion`);

--
-- Filtros para la tabla `playlists`
--
ALTER TABLE `playlists`
  ADD CONSTRAINT `playlists_ibfk_1` FOREIGN KEY (`id_usuario`) REFERENCES `usuarios` (`id_usuario`);

--
-- Filtros para la tabla `playlist_canciones`
--
ALTER TABLE `playlist_canciones`
  ADD CONSTRAINT `playlist_canciones_ibfk_1` FOREIGN KEY (`id_playlist`) REFERENCES `playlists` (`id_playlist`),
  ADD CONSTRAINT `playlist_canciones_ibfk_2` FOREIGN KEY (`id_cancion`) REFERENCES `canciones` (`id_cancion`);

--
-- Filtros para la tabla `usuarios`
--
ALTER TABLE `usuarios`
  ADD CONSTRAINT `usuarios_ibfk_1` FOREIGN KEY (`id_membresia`) REFERENCES `membresia` (`id_membresia`);
COMMIT;

/*!40101 SET CHARACTER_SET_CLIENT=@OLD_CHARACTER_SET_CLIENT */;
/*!40101 SET CHARACTER_SET_RESULTS=@OLD_CHARACTER_SET_RESULTS */;
/*!40101 SET COLLATION_CONNECTION=@OLD_COLLATION_CONNECTION */;
